over rated and the people cant act worth crap.....this show is only for people who are tools,neg
"Not Everybody loves Raymond.  The only joke here is that the idea actually found its way onto the airwaves.  In other words it\'s just one joke less than a one joke program.  As with most sitcoms, it appeals to those with an intellectual development that was stopped at age 8.  Fortunately they did have the good sense to employ a laugh-track so that the audience will be signaled whenever something is broadcast that was intended to be funny. The program amounts to a scandalous waste of talent.",neg
"Sorry, I\'ve given GA several chances and it\'s never delivered more than what it is: A predictable, prime time Melodrama geared to the feminine Soap Opera audience.",neg
David Caruso is just not good.  He jut seems like he is being so forced to say or do thing on the show!  No emotion what so ever!!  They need to replace him with someone who has more character.,neg
"good show, but takes way too manybreaks!!!!!!!!!!!1",neg
I\'m not liking this new season.  I really didn\'t like the fact that they changed the theme song.  It seems that the producers are trying to turn this show into another soap opera.  I\'d rather watch the old seasons than this new season.  They were lively and they had better directing.,neg
"This has always been my favorite show until this past season with the new girl who replaced Kate - I do not like the sophmoric, juvenile and sometimes nasty comments between her and Tony.  Last week she made a very dirty remark about the cat that came running out of the cat door at the victim\'s house that was totally uncalled for.  This is broadcast in the family hour and I would have been highly embarrassed if my your teenage son was sitting there watching it with me.  For that reason, I will not be watching it tonight.  Please try to clean up the language on that show.  You will lose a lot of viewers otherwise.  Don\'t ruin what could be a very enjoyable show to watch by stooping to such low and vulgar levels.  Thank you for taking the time to read this.",neg
"It would be better without David Caruso.  However, he is amusing.  He NEVER faces the camera, always the pose first, with the head either turned to left or right.",neg
I want Kate back and I\'m sick and tired of Tonys insecent banter...blah...blah. Not as good as it used to be last year. Also lose the female director..how unreal is this.,neg
I keep trying to watch and enjoy the show that  I fell in love with (The Practice). The characters are now cartoon characters at best. I was  able to sit through less than half of it last night. The liberal ranting is boring. I\'ve watched my last episode.,neg
"I\'m not impressed.  It\'s not at all realistic, and I don\'t care about any of the characters.",neg
"Love this show. There\'s a kid dying in one of the exam rooms, but the MD won\'t treat him because he doesn\'t want to be in the same room with his  x-nurse/girl friend. How dopey is that",neg
"Occasionally funny, but most everything about the show is so mean-spirited, I\'m amazed it\'s so popular. Kind of sad, really.",neg
"This show flew too close to the sun and its wings have since fallen off. Too many dead, but is he/she really plot lines. And they are too hot and cold with the quasi-Da Vinci plot line. Either go with it or not. Watch Lost. It\'s better.",neg
crap soap that poorly portrays stuck up white prissy teens in newport.  we are not like that.  ALL FOX DRAMA SOAPS SUCK.,neg
Terrible ending for this years show!! May not watch again... too negative!,neg
the show just isnt funny  and the actors arent that good,neg
trivial garbage with ****s for actors,neg
"Vapid, mindless, numbing.  Yes, there are some good looking women and men, the music is good and the photography is flashy.  But the stories never get beyond who\'s screwing who (literally and figuratively).  There\'s no originality, no depth, and nothing to hold your interest.  Don\'t waste your time on this dreck.",neg
"give me a break, if i was his wife i would have left him at the altar",neg
This show is funny BUT it should be aired no earlier than 9:30 est,neg
"This show has had many Jump the Shark moments.  But when Sam blew away her ex at the end of this year\'s season premiere, I think the shark may have jumped out of the water and bit the series in the a**!  And what\'s with the new theme music  I could be in the garage and hear the old theme and know what time it was!",neg
just stupid no good ideas and a waste of time  put more interesting shows on my tv instead of this.,neg
"After one season, it\'s already jumped the shark. Mystery upon mystery upon weird happening upon bizarre occurrance upon . . . I can\'t get myself to care anymore. And the characters are just profoundly dumb beyond belief.",neg
this show is quite boring and irrelevant.,neg
"Bad, bad, bad, and just bad. Insipid to the extreme. The incredibly bad actress that plays Lana is like fingernails on the blackboard.",neg
"In season 1 it was great, original, ist time a show was presented in real time, season 2 interesting, we all wanted to know what was next with poor widower Jack, season 3 AHH we were just about to get tired of the same story, Season 4 Jack Bauer new love interest, Audrey brought the interest to season 4, Season 5 a great idea for the show President US the bad guy and Jack & Audrey couple made the audience attracted to the show again, but Season 6 is the same all Story, Jack the immortal, well I know he cant die but I hoped I was going to see a great plot as in season 5  too bad!)I like the show and I was giving the show another opportunity but after I heard Tony Almeida didnt like heaven and its back, its to much, not only Jack Bauer is immortal, but also his buddy! I like Carlos as an actor and also i liked the character, but he was dead come on! you dont need him to bring the attention bacK to the show, just have a nice plot and bring people alive back like Kim or Audrey. thats it",neg
"Once upon a time, ER was a strong 4 or even a 5. Today it is a shell of its former self and really should not return for a new season. A shame really, as the show still provides a great venue for some of its stars. Alas, the reason to watch has departed along with the original cast...",neg
"The show was ok, but not as good as I had hoped for...The previews was funnier than the actual show...",neg
David Caruso needs to quit over acting. he kills the show.,neg
**** Wife: ARRGHHHAMAMAMAMAAA SCREEEEEEEECH RAY!!! I WANNA GO TO THE SUPERBOWL!  MANANANA,neg
Not EVERYBODY Loves Raymond.  I rate this show just above watching paint dry.,neg
"Love the show and I am sad to stop watching, but the liberal message is louder than the good acting and writing.",neg
"Stopped watching this program because everyone seemed to be so angry all the time, especially House and his boss.",neg
Next to \'Scrubs\' this is the 2nd dumbest show on t.v.,neg
this show has no potential and will be canceled,neg
"ER was EXCELLENT in the beginning... now - it\'s just not. Very disappointed in the newer ones. I too, want the old ER back! lol... House and Greys Anatomy have taken over!!!! Yea!",neg
"Yet another medical exampliner / crime show  *YAWN*    &lt;P&gt;There is nothing new here...  the characters are supposed to be quirky but there are frankly just annoying and boring.  If you want interesting characters and well-written stories, go with NCIS - it\'s the best of the forensics shows by far.",neg
Should have been called Everyone Emasculates Raymond because that\'s what you get: constant and repetitive Husbands-are-dumb-and-weak story lines....much like a lot of advertising these days.,neg
It\'s getting somewhat boring and kinda like a soap. Too bad :-(,neg
STUPID ASS SHOW.  WOMEN DONT ACT OR THINK LIKE THIS.  MEN DO.  ****IN RETARDED SHOW OVER ALL,neg
"Lame sarcasm, poorly delivered.  I love the Daily Report with Jon Stewart, and really used to enjoy the little bits Colbert did.  Here we have him for a whole show and it sucks big.  I won\'t even watch 10 seconds.  It just came on again and I turned off the TV.  Then thought, this show is bound to be gone soon, why hasn\'t the network pulled the plug  That\'s the only thing funny here --Why is this lame show still on the air   Bring on something I can stomach. Hooray for him for getting the big bucks to go on for a season,  now let\'s move on.",neg
eww it was so boring and its not even funny...i dont get why people say it is cause its not at alll,neg
"Dumb show about NOTHING.  What have any of the actors done since this show went off the air.  Oh yea, one failed sitcom after another.  Should tell you something about those three individuals and their talent.  And Jerry  Thank God we don\'t see much of him anymore.  Annoying, egomaniac, jerk best describe Jerry Seinfeld.",neg
"I am woman hear me roar, in numbers too big to ignore....... we\'re fierce, we\'re feminazis, and WE\'RE IN YOUR FACE!!!!!!!!!!!!!!!!!!!",neg
At least you can watch it with your Grandma....,neg
Horrible.  Fantasy Island comes to the white house.  Wont last.  Very unrealistic.,neg
"Tucker Carlson is right, Jon Stewart is the Butt-Boy For the entire liberal weenie crowd.",neg
This show is a propaganda-filled knockoff of The West Wing.  It is essentially a one hour ad for Hillary Clinton\'s 2008 Presidential Campaign.  It is also like a lame duck hybrid of The West Wing and The Brady Bunch.  It doesn\'t work.  I watched one episode before I realized it sucked.,neg
I don\'t get the popularity of this show.  I find it boring!,neg
"I got some laughs out of it when it was fresh.  It just doesn\'t work in reruns, there\'s only so many times No soup for you! can be funny before it gets real old.",neg
"I turn it off or change stations , can not stand the show .. it is not funny and the one jerk who talks though his nose is not funny.",neg
"ER was once one of the best shows on TV, but the writing has gone downhill.  The past couple of seasons were really weak.  Time to call this show.",neg
I\'m glad this show is gone.  Now all I have to do is avoid re-runs.,neg
"Commander and Chief is nothing more than liberal ideology and propaganda, sprinkled with political correctness and liberalistic ideals. This show is horrible beyond comprehension. Should be renamed Vote for Hillary Clinton in 2008 Two thumbs way down!!!",neg
"Since the start of the fall 2006 season this show has gone way downhill. It used to be smart,quick with creative interactions which have now turned to stereotypical adolescent sexual banter.Previously I have watched each episode twice. Going to give Boston Legal one more episode before I drop it. would love to know the behind the scenes negotiations that turned a great show into a  ship of fools. Can\'t imagine BL keeping its fan base and lasting the year.",neg
"highly overrated, only mildly interesting. I don\'t see what people see in this show. It\'s watchable but not as good as people say",neg
"Used to rank a 5, but really gone downhill since Lake Bell and Rhona Mitra left. The Leftist-Hollywood slant has become so forced and Candice Bergen has to be the most over-rated hack of an \'actress\' I have ever had the misfortune of viewing.",neg
It\'s ... ok. A little too soap-opera for me. Like a twisted Dallas meets Bewitched.,neg
It\'s ok. Some jokes are funny and some are just plain dull.,neg
They got rid of everyone over the age of 35. It\'s now about teenage doctors and their stupid problems.,neg
"****ing retarded, and your a ****ing retard if you like this****",neg
"Is it just me, or does Caruso remind you of William Shatner and his bad acting It\'s like nails on the chalkboard when he goes into hit \'bit\'. How many times does he have to use the name of the person he\'s talking to in a conversation Well ......... Dave. it looks like we\'re going to have to ..... arrest you .... Dave. It\'s not looking too bright for you ........ Dave. *follow up with lowering of sunglasses and then hands on hips* Ugh ... the WORST of the CSI\'s.",neg
"started off really strong, but they needed to pick it up a notch or ten for season 2 and season 3 isn\'t that great so far either",neg
Another soap!   When are they going to stop it whith these.!,neg
"It\'s not the best anything EVER...get over it.  It was an ok show while it was on.  It\'s done, let it go.  The reruns just hold up, it\'s not fresh or funny anymore.  It\'s was a show that was good because you didn\'t know what they would get into next.  Now that we know, it\'s not that funny, it\'s old.  Move on people, nothing to see here.",neg
Jon Stewart could make a hyena stop laughing.,neg
This is a prime time soap opera. It alienates all male viewers. It\'s lamer than Sex in the City.,neg
"His jokes are not funny...ever. And yes, he is a commie.",neg
"I hate this show.  Seriously, it makes my skin crawl.",neg
"I really like CSI (the original), but the characters on this one are just painful to watch, especially Caruso.",neg
this show sucks... and you\'re stupid if you actually like it,neg
Has gotten tooooooo libreallllllllll for me. I took it off by TIVO Season Pass last night,neg
Gilligan\'s Island was a million times more enjoyable than this snoozer........,neg
"I used to watch this show when it was called Beverly Hills, 90210.",neg
Another show that inspires apathy.  After a few episodes I found myself actively avoiding it.,neg
A terrible program aimed at teens but really not for teens....what a shame! Garbage!,neg
what is with the blatent political bias Can\'t we watch for entertainment value without being told that Condi Rice is a bad role model and that young black girls should look to Oprah instead Arrrrgh!,neg
"Ray was a good sitcom because so many middle class Americans who are white can relate to this show\'s premise. No, under any circumstances can a fan tell me that this show was a classic. Ray is a solid sitcom but hardly a gem and hardly in the same league with classics such as \'Arrested Development,\' \'Fraser\' or \'Seinfeld.\',pos
'This show used to be great, but it really dropped after the first season. Mischa Barton really brought it down...she was a horrible actress. Maybe it will pick up now that Marissa Cooper is dead...but I doubt it.",neg
"worst. show. ever. i tried watching an episode, and I had to turn it off after 10 minutes it was so bad. its not good drama, its just titilation. this will be something that people look back on in 10 years, laugh and say man, what were we thinking",neg
"Where do I start  Okay, Ill keep it simplejust like the people that write this repugnant, mind numbing, thoughtless, hasnt there been 100 other shows based on the same story line, no one can act on the show, CRAP.  I would rather fall face first in to my dogs AS* than watch 5 minutes of this garbage.  If you watch and like this show, there is something wrong with YOU!!!!",neg
This boring show was around for too long. Change the channel.,neg
"garbage, maybe if rappaport realized he wasnt still in the movie Zebrahead, it wouldnt be so bad",neg
"the main character\'s acting is terrible, but the rest of the show really makes up for it. its interesting enough to come back every week, but it would be really nice if the main character could show a new facial expression.",neg
The height of predictability.  At least the science is slightly more accurate than those blasted CSI shows.,neg
Lost intrest after the orginal cast left..apprently no one else has.,neg
"Absurd - and not at all in a good way. A hopeless mass of cliches and lame excuses for humor. The two leads are good (I HATE that Asian chick), but they\'d have to work miracles to make up for the writing.  I\'ve watched and waited for this pile of dullness to improve, but no dice. Real LCD stuff - for retards is right on the money.",neg
"Maybe Geena can go back into movies, now that she has endeared herself to the commies that run hollywood by trying to help hitlery.",neg
Four dumb broads looking to get laid by every man (tourists and sailors included) in New York.,neg
terrible show--worst of the csi\'s by a mile,neg
Sorry... Poor acting... over acting... and bad acting plague this show... it has its moments.. but a poorly made 2nd rate show... even Reba can\'t save it... oh... no wonder shes a country singer pretending to be a hollywood actress... uhhhhh yes... a good exapmle of what happens when you become  a star and surround yourself with yes people.,neg
"FOX is News, JON Butt-Boy Stewart and the Communist News Network are liberal propoganda specialists.Stewart is a Jersey Loser Just like Bill Maher.",neg
Possibly one of the worst shows I have ever seen.,neg
"Hey, wasn\'t there another show called ER.....I think George Clooney was on it.",neg
You\'re all a bunch of ****ing ****s,neg
Mark as DO NOT RESUSCITATE. PULL THE PLUG!,neg
caruso might be the worst actor on tv.,neg
"In  Season 3, the show has turned into a soap opera. Very contrived storylines, irrational, illogical characters.",neg
Laugh track does not help this show in the least.  Neither do the unfunny jokes and Michael Rappaport or however the hell you spell it,neg
It\'s the same thing every week. I\'m suprised people aren\'t tired of seeing all the dead bodies yet. When people do get tire the real witty shows will finally get more credit.,neg
A little early to tell but its been interesting.  It needs to not be a West Wing copy and it will be better.,neg
I\'ll bet That none of the morons in this show has ever seen a Gray\'s Anatomy.,neg
"What is it about NBC and there anti-war bias Can\'t we watch a show anymore without the producers politics being shoved down our throats We get enough of that on our news. Please, stop the preaching and stick to the storyline.  Otherwise, I\'m out of here.",neg
"Is this show supposed to be funny or serious or both I watched the premiere episode of the second season. Nothing in it made me laugh, nothing in it made me care what happened to the characters, it just seemed dumb.",neg
Dumbest show I\'ve ever seen.  I actaully sat and watched the first season on DVD and was bored to tears....really...I was.,neg
"Gag me with a spoon.  This is the worst show I\'ve seen in a long time -- and I\'ve seen some real stinkers.  It is incredibly stupid, and Geena Davis is about as believable as President as I am as the queen of England.",neg
This show sucks. Just another stupid soap.,neg
"Saw this show only once but to this day, I still don\'t know why (or care) why everybody loves Raymond.",neg
"I did not like the way it ended...may not watch it next season. The turning point for me was. George sleeping with Izzie, that was when you lost me, it made me feel sick and I dont want to look at them.  This is form a person that would tape every show and then watch it twice.  I would have given you a 5 but now I feel it a 2.",neg
Has potential however it is offensive and should be moved to a much later timeslot.,neg
starting to go in the wrong direction,neg
"Boring show, poor acting.  Come on William Shatner  Can you find a worse actor",neg
Cheezy show but has some nice eye candy....think baywatch in a casino....,neg
"Some nice T&A, but little else. This could be a much cooler show, but they decided to make it campy and not in a soap-opera kinda way.",neg
A concentrated dose of nastiness.  I don\'t underastand why people find it funny to watch obnoxious people making life awful for one another.,neg
"This is The X-Files meet CSI set in parallel dimension in the city of Washington DC.  She\'s a some sort of a genius doctor and he\'s an FBI agent who used to be an Army sniper.  In the first show he said they could be Mulder and Scully.  They both shoot guns, and she is a martial art expert. Her posse is a recast of The Lone Gunmen (Byers, Frohike, and Langly) but without the charisma.",neg
This show is even worse than Desperate Housewives. Terrible.,neg
Terrible show. Just isn\'t that funny or informative. Colbert should have stayed on the Daily Show where he was an actual asset to television.,neg
"This show is a one-season onder at best. To matters worse, the Fox network execs has blamed the show\'s mediocre ratings on Arrested Development and Kitchen Confidential and decided to cancel both shows. To learn how to save Arrested Development, go to www.myspace.com/arresteddevelopment.",neg
"This show has overstayed its welcome.  Today, there isn\'t a single character I care about.  ER jumped the shark when Carter left for Africa.",neg
I fining got around this show. It is okay. Like I brought up in another rating show nothing can beat The Unit.,neg
The plots have gotten worse with each season.  I only watch it cause I love Josh Duhamel.,neg
"This show happy to say is not indicative of the women I\'ve known or dated, and eventually married. It just seems pretty sad that Hollywood needs to bring this show of women who can\'t find happiness in life to such a high level, and make the youth of our country think this is normal. It\'s no wonder the divorce rate in Hollywood is so high.",neg
obvious ploy to normalize idea of a woman president for Hillary.,neg
a portrail of the most shameful part of american culture. an overly materialistic view on a generally worthless topic. enjoyed by those with shallow minds and lustful tendencies,neg
"The canned laughter makes the show sound like it\'s a parody of itself.  I like Michael Rappaport, but the writing behind the show does nothing to support him.",neg
"John Stewart and Bill Maher bring a different perspective to politics and other public events through brilliant sarcasm and satire.  The Colbert Report is just another lame Al Franken attempt to be humorous that fails.  The Colbert Report claims to be tongue in cheek, while still attempting to send a subliminal message that it is serious and factual about the people it is mocking.  In the 1960s and 1970s this would of been a show for the stoner crowd.  The Colbert Report is a loser and, in my opinion, indirectly hurts any credibility that John Stewart still maintains.",neg
Get enough politics on the news.  Don\'t need more for entertainment.  Charaters not all that interesting.,neg
SUCKS !! Maybe the will have a friends movie where Ross and Rachel die ain a car accident and monica shoots Chandler at their funeral because all he can do is make bad jokes about the issue.,neg
EVERYONE LOVE RAYMOND ... nope ... not me.,neg
Easily the worst of the CSI shows.  David Caruso is painful to watch... his acting is just awful.  The rest of the cast isn\'t much better,neg
Not bad....but I prefer the original.,neg
Jon Stewart is about as funny as a toothache.,neg
I just can\'t watch this anymore. I tried.,neg
"It\'s alright, a little on the boring side.",neg
The character\'s jobs are unrealistic and the science grievously inaccurate.,neg
"not nearly as funny as some people made it out to be. Really stupid, inane show with wholly forgettable characters (and NO real plots)",neg
I like it but it could be better. Sometimes I get bored with it. Has potential to be great...,neg
I find this show a bit of a snoozefest.,neg
I tried to watch this show but it was just too painful.  It had a ridiculous concept and it really wasn\'t acted out well.  A total waste of airspace glad it\'s gone.,neg
"Seinfeld is old. The jokes are old. The comedy is stale. I can hardly stand to watch it anymore. On the other hand, it does have it\'s classic moments.",neg
"if it werent for george it would have been the worst show ever, hands down!",neg
uggh what a bunch of bovine excrement.,neg
Awful program. Sick people in the ER. Doctors and nurses talking about their private lives while probing and pummeling their victims. We get it.,neg
It\'s a good but not great show.  It is somewhat funny but the political tone is too much.  I tend to watch it when the channel I\'m watching has commercials.  I  do like to watch at the end as that is usually humorous & interesting.,neg
"Very formula - think Northern Exposure crossed with Sex in the City.  Unfortunately, the characters are not as well developed or interested as either of those shows.  Think cliche.  The show isn\'t BAD, it\'s just not good.  I predict one season.",neg
"I tried to watch this show on several occasions, but I just could not stomache it.",neg
Cut out the ultra far left liberal garbage that this show shovels out each week. It\'s getting beyond entertaining!,neg
"I\'ve seen a handful of episodes last season and, unlike Arrested Development, don\'t see why TV critics jumping up and down like prize dogs to see this sitcom. It\'s good, but hardly worth sitting down in front of a TV for thirty minutes a week.",neg
"Davis\' performanced is too oversimplified as a believable president.  Too much dramatization and not enough substance.  Nice try, but it just doesn\'t cut it as a show worth spending an hour watching.",neg
"I like to watch it because of the bad acting. It\'s like watching a satyre like scary movie or something. It is so poorly done that I don\'t think it\'s the actor fault...I mean, would any good director turn this suppose to be drama into such a comedy",neg
why does david caruso need to take a breath after each word that he utters. Does he have COPD or something.  the character calley ducane is irritating.  It would be great if one of her co-workers punched her in the mouth the next time she starts ordering everyone around.,neg
A nightime version of General Hospital No thanks.,neg
"Used to be great, until they couldn\'t resist becoming a liberal platform for the talking points of the Democrat Party.",neg
"Getting old. Charaters have little charm or appeal.  Except for Greg, at least he has some.",neg
piece of crap that doesn\'t deserve any airtime. Probably Hitlery\'s fav show,neg
NCIS and CSI are the dumbest of the dumb. Who believes that police offices look like that Or that cops are that pretty Or the complete BS when it comes to the actual science NO THANKS!!!,neg
"I Guess America is not ready for Hitlery Rotten Clintoon,as our next president.",neg
Its Ok but no where near the level of House!,neg
"If anyone on the show should be replace, we may want to take a look at the writers. After all, they are the ones who write the lines all of the actors use, maybe the problem is not bad acting but bad writers. Take a look at what Hollywood had cranked out lately. Not an original idea in years, all movies of old T.V. shows and reality television. No it is not David\'s falt that he has crapy lines, I blame whoever is writing the lines. There is not an original bone left in any writer\'s body of material we see these days. I like the show alot, I just think that the writers need to put alittle more, POW in David\'s and the rest of the casts lines (stories).",neg
"I haven\'t seen this show in years and am proud to say I don\'t miss it at all. Reba is a pretty good actress, but this show simply isn\'t funny anymore and has always had a weak dominant theme. I mean how can you build up a sitcom around your husband leaving you for another woman only to find out that they moved in across the street",neg
I dont like it or Shatner as a lawyer,neg
Decent plot lines that are farfetched a lot of the time.,neg
"Boring, stupid, dumb, vapid, slow, vacuous. Very sad that such tripe is so popular.",neg
"It is too unbelievable. The crime sceene techs do everything from questioning to the arrest.  The women dress like ****s and the men all look like they are on dope.  I like the character Grisim.  I think that the writers should concentrate on the forensics rather than having the techs in shootouts, questionings and arrests.",neg
"Too early to judge the show overall, but the actors aren\'t a draw for me.",neg
"If it weren\'t for the laugh track being used every 10 seconds, we\'d hear a lot of crickets chirping.",neg
Unwatchable.  The worst of the already terrible CSI series.,neg
Sometimes it turns out funny and interesting.,neg
"Bad, Bad, and more bad. I can\'t watch it all the way through. It\'s too painful!",neg
Change the name of it to ****ty old Skanks,neg
started out very good in the first season. Now its more goofy plots then on the simpsons,neg
"a bit too precious, and derivative of West Wing",neg
"I find it very difficult to believe four hags like the women depicted on this show could EVER get laid, let alone have guys lining up to bang them.",neg
"Runs down women all the time, especially the father.",neg
we don\'t need any softening up for that harpy Hillary--this show sucks!,neg
"JJ Abrams is a no-talent hack....this show is La Femme Nikita minus good writing, interesting characters, and excellent production design.",neg
David Caruso is just plain AWEFUL!!!,neg
A case of critics mistaking dumb for funny.,neg
I have an extremly hard time following the plot of this show,neg
"Why dont they just call it we want Hillary to be President show. I would give a chance but I know how every episode will end; Republicans are evil and Democrats must save us from them. Oh yeah conservative white men are ****, homophobes, **** and greedy.  There is the plot its on every night when I watch the main stream media.",neg
Nothing seems to happen in this show ever - not even comparable to the likes of Lost or Alias,neg
possibly the worst show i have ever seen,neg
"Can\'t stand the actors in this program, especially the red-headed guy (CRS, sorry).",neg
Don\'t think there is a show that would be good for the puppet master\'s daughter.,neg
bleh...Honestly when I compared this to House. IT didn\'t compare at all. It\'s just not my kind of show. Sorry.,neg
"Absolutely awful.A real embarrassment for ABC. It\'s about as believeable as another Clinton becoming President.Two things for sure...Clinton and this show will fade away, can\'t wait.The vast wasteland...TV shows like this and Bill & Hillary\'s lives.",neg
It\'s time for this old show to die. BORING!,neg
Acting by main charaters is terrible,neg
"If there are women out there that are this jaded, shallow and vain about love and sex, do us all a favor and drop out of the human race.  Sarah Jessica Parker is hard to look at, put a bag over her head, and she really can\'t act.  At least Kim Cattrel got one thing right with her dislike of Parker, but that was the only thing.",neg
This show was awesome until they decided to pair up some of the survivors into pseudo relationships. Sorry but if I was stuck on an island I\'d worry about getting home instead of getting laid.,neg
i used the dame numbers as hugo and my grandpa died roght after i hate this show with all my heart and Lost can go f it self,neg
This stupid show butchers the story of superman. it\'s offensive to the extreme.,neg
Time of death3 years agoenough already.,neg
"While the networks continue to produce mindless drivel, like America\'s Got Talent, or The OC, intelligent shows like Scrubs continue to get the cold shoulder.  It\'s a shame.  Scrubs is by far the smartest and funniest show on television right now.",pos
"Really enjoy this show, but it seems to never be on.  Could ABC just run it 4 weeks in a row It loses it\'s must see status when they do reruns every few weeks.",pos
"James Spader\'s and WIlliam Shatner\'s charachters must have been separated at birth. They MAKE this show ... bth as screwed up as the other, and they feed on each other. Great chemistry between the actors. Wacky show ... original writing.",pos
"Whaaaat  How can Friends not be cherished  One of the most popular shows of all time, and the rating isn\'t through the roof.  Everyone loves this show!  And for good reason.",pos
"This is one of the better shows on TV. Absolutely loved Season 1 and 2. Season 3 wasn\'t as good but hoping Season 4 will be better. As much as I love Dr House, I was very disappointed to see Foreman, Chase and Cameron all leave.",pos
Excellent show that continues to develope the characters we have grown to know and love.,pos
greatest show I have ever seen.. have seen every episode since the 1st season 1st episode,pos
"This show has great appeal to all ages. I love the individual stories woven throughout each week, and I am glad to see there is now some continuity between episodes. In the beginning it was a topic show with each week completely different. Now it seems to hang togethere perfectly!",pos
"Love this show!  Interesting characters, real life situations and struggles.  It gets better and better every week.",pos
Love the show. Raymond is such a typical guy. It always made me laugh. Sorry to see it go.,pos
This has a lot of good acting and intriguing characters. It\'s now my favorite show.,pos
"Hilarious show -- Great writing, Excellent performances all around  -- This show makes my week !",pos
Best show ever has great comedy and meaning much better than usual programming,pos
Ilove this Show! This show makes me want to be a doctor because it show the cast being a famliy!,pos
"Jericho, is a fresh break from all of the hospital, police and reality TV shows.  I really look forward to see what is going to happen each week.",pos
I love each weeks story line. For those who say this show is not realistic then I must say that you don\'t have a very good imagination. This so is awesome.,pos
"Hilarious, and good underlying values",pos
Bring back Jericho!!!  It\'s a pleasant change from all of the STUPID reality shows.  Life is real--give us more creativity!!!,pos
"My daughter and I have really enjoyed this show. It keeps you guessing about what will happen to these people. Just frustrated with ABC, they keep taking it off the air for long periods of time. Hope they stick with the show and keep it for a second season.",pos
"One of the best dramas on TV! The Sci-Fi aspect will turn some off I\'m sure but give it a chance and it will hook you. Very dark, almost brooding storylines and plot twists. This is QUALITY TELEVISION.",pos
This is a fantastic show and I hope it stays on for another 10 seasons at least!,pos
good program.this should be on saturday nights.,pos
I love this show.  Excellent Story Lines,pos
THIS IS THE BEST SHOW OF ALL TIME! THE PLOT IS AMAZING THE CHARECTERS ARE GREAT AND EVERYTHING ABOUT IT IS PERFECT! ESSSSPECIALLY PATRICK DEMPSEY.,pos
abo****ely hysterical from the start,pos
The best show there ever was. It will never die.,pos
Very interesting idea even though it will never hold a candle to West Wing. I can not stop watching it though.,pos
I cannot get enough of this show! The Halloween episode made me laugh until I cried.,pos
Best show on TV.  Kiefer Sutherland is phenomenal.,pos
"Unpredictable and interesting.  I want so badly to know what is going on, but I fear I will never know.",pos
Best show ever... besides Seinfeld,pos
A modern show that will become a classic. A great cast that made the show histarical.,pos
"Best TV show going...period.  Great interactive websites, too.  EXCELLENT character development",pos
"I enjoyed this show.  Kept me interested, and I plan on watching next week!",pos
Love this show.  Very entertaining.,pos
great show. very entertaining!,pos
This show made its stand and broke from the pack during its intitial mini-series run. NOTHING can touch it. The writing and the actors will break your heart as you watch because you hurt when the charracters hurt. You feal what these guys are going through.,pos
This is the best show on T.V. Fox should not cancel it because it is very addictive. I love JUSTICE!!!,pos
great show great actress (davis) why hasn\'t it been on,pos
"This show is the cest. I\'ve become involved with the characets and want to see more.  What happens to the town, people, country and world This is fiction but I can see this happening at some point for real. KEEP IT ON !!!!!",pos
"always interesting polt line, great clothes, and sometimes absolutely hilarious",pos
Prison Break is the beat show for the time lost is a baby vs this show=),pos
"I absolutely love this show. It is, in my opinion, a better version of Friends!! I have noticed that it doesn\'t get as much press as it used to. I hope it doesn\'t get pulled! I love it!!",pos
"Try to not miss an episode. It\'s a mature comedy-drama, but one must apperciate the great line up of characters, and office politics. GREAT SHOW.",pos
I love this show.  I watched the whole first season during the summer and looked forward to the second season.  second SEASON.  7 episodes is just not enough.  Counting the days until January.,pos
OMG BEST SHOW EVER! people who say its bad seriously have no life. the drama is amazing and it keeps you hanging and the actors are really good...what are you guys talking about i cant belive its getting cancelled! i still like it without mischa barton people who stoped watching it just because she died are not true OC fans! i lovee this show!,pos
It makes me want to go back to Vegas,pos
"This is an awesome series that is thought provoking as well as intelligently entertaining. Everyone thinks about a nuclear attack, this show demonstrates what might happen in YOUR town.  Every history/civics class in high school should be watching it.  What an amazing forum for discussion!  I CANNOT wait for the 7 new episodes...but a full 3rd season would be even better.  I am encouraging everyone to watch Jericho, and will be buying the first season on DVD as soon as it is available.  Thanks CBS...don\'t screw it up by canceling it again.  Seriously, it was just peanuts last time, who knows what you\'ll get if you cancel again...elephant dung",pos
"It deals with real situations in life, I like it...",pos
I think this country is facing many problems and as this show matures the writers might be able tap into current events and explore alternative view and solutions to these problems.  This could be a very fine program.  A program that would cause people,pos
House is great and I am happy that someone has finally forced the issue of his addiction.,pos
Most excellent.  But where is it  I hope it has not been replaced by October Road or whatever the name of that show is.  October Road is blah.,pos
"Unique, engrossing, edge-of-your-seat story covering almost every genre! Writing and acting also excellent.  Best thing to come along in YEARS!!! Plays like a movie.  Everyone who watches Jericho is hooked immediately!  Only reason this would be cancelled again is that someone in charge just doesn\'t want it to happen (for what reason, I can\'t imagine).",pos
Hugh Laurie is to good!!!  tumbs up to the writers^^ u guys no how to use sarcasum and use it well!,pos
"This show is the best legal show in years. The cast is amazing, the storylines are well-crafted & believable. My wife and I haven\'t missed an episode yet (even though it\'s constantly moving).",pos
"Finally a new idea for a tv show, there still is a little creativity left in the world",pos
"Very Funny - Ranks up there with other current shows such as a the Simpsons, Arrested Devolpment, and Scrubs",pos
"Great show.  Meredith is the only weak link.  Even though she has a medical degree, I think she may actually be simple-minded.  Fortunately, the rest of the characters are more than strong enough to carry the series.",pos
"Must see TV. Informative as well as funny. In my opinion if there is a week point it\'s the interviews. Sometimes I stop watching it at that point unless it\'s someone important. Also the shows a little weaker without Stephen Colbert, his new show is lame, he should have stayed with the daily show.",pos
"It was amazing to realize House is played by a Brit. he stays in charector, and although I love the nasty guy, I\'d hate to find I had a doctor with that personality. The show is fascinating on a diagnostic/investigative level. A show that plays up to the audience instead of down to them.",pos
"Best new show this season, only one worth watching",pos
This is the best show in television!!,pos
"Much like Rescue Me, this show presents a character that should for all reasons be disliked - yet he is sympathetic.",pos
Anybody who saw office space and 40 year old virgin would appreciate this hilarious show.,pos
"Great acting byt the dude who plays House. He was robbed of the emmy. Worth watching. Love the romance between House and his \'I want to save you\' student. (But between you and I, I\'d hate to have this guy as my doctor.)",pos
The twists and turns in this show keep you glued to your seat and wishing that you could watch the episodes together instead of having to wait until the next.,pos
CW has made a big mistake.  Reba was one of the best clean shows on air.  I would rate above a five if given the opportunity.,pos
THIS SHOW IS AWESOME! if you don\'t like it you should try watching it unedited on HBO not TBS where they edit half the funny stuff. Though we all know that nobody actually acts like they do its still entertaining and fun! LIGHTEN UP YOU GUYS!,pos
This was a great show.  I\'m really mad they took it off the air and left us all hanging.,pos
"Excellent storyline, sparkling cast, dedicted crew and passionate fan following.  A show that tackles head on, the taboo subject of nuclear warfare and aftermath...what\'s not to like",pos
Probably the best show out there...,pos
"This is a great show!  Chemistry, drama, and adorable stars!!  Has it all...worth a watch!",pos
Very hillarious show! You\'ll laugh continually!,pos
Love the show!!!! One of the best written and acted shows on TV!  It\'s so nice to actually watch a well written and acted show rather than all the reality TV out there!,pos
Great show with hilarious characters.  Great story lines too.  Definitely on TiVo.,pos
This show is teh awesome!!!1 I can watch it non-stop,pos
"24 is the greatest show ever.  Every second is action packed and you never know what is going to happen. Although Season 6 was the most boring season, it was still extremly exciting and i can hardly wait for the 7th season to start in january.",pos
I love this show. It is very innovative.,pos
"smallville is an awesome show it has everything romance, action,and anything you could think of!!!",pos
I LOVE THIS SHOW! Great to have something to watch on Friday night.,pos
"Jon is an excellent host, and all the people complaining about how Jon is liberal, stop listening to everything O\'Reilly tells you. Jon Stewart actually makes more jokes about Democrats than any other late night host. He interviews both the left and the right. Sometimes his jokes may seem more liberal but that\'s only because his audience is in the 18-24 range, and those people happen to be more liberal.",pos
"Excellent show with great potential and keeps you waiting for each show. Only show I stayed up for after 9pm for, during a work week.",pos
"Hugh Laurie must be the best actor to pull off such a hard character, watch it - you won\'t be disappointed.",pos
"A fun, interesting take on a younger Clark Kent and all the things that shaped him, Lois Lane, and Lex Luthor into the characters we came to know so well. Definitely worth watching. Most always interesting.",pos
"I never do these things, but had to. I just realized that I hadn\'t seen the show and wondered what\'s up. Did a search and saw it was cancelled, bummer....it was getting good. Here\'s the deal though.....I don\'t care if you like it or not, some of the ratings were ludicrous....especially the one that says liberals are morons and don\'t love their country. Take it from a Republican turned Independent, it\'s just that kind of statement and sentiment that is divisive. Like or don\'t like someone.....who cares, but stop the name calling and grow up!",pos
terrific show! i enjoyed it.  great chemistry.  i bought the scene it game and i totally dominated!!! i\'m a friends 4 life!,pos
Love this show.  The science is interesting an the characters play off one another fantastically.,pos
This is the best show on tv and it\'s been pulled. It just goes to show that Hollywood doesn\'t like a successful strong woman in Hollywood!,pos
The best show on TV right now. House is fun to watch.,pos
"PEOPLE LET\'S FACE IT, TV GREATEST SHOW  LOVE THE CAST AND STORY LINES.  NOBODY ELSE HAS SUCH GREAT STORY TELLING, ONLY WISH THE GARDENER WOULD COME BACK AS A REGULAR AND MAKE TROUBLE FOR GABRIELLE AND HER SEXY HUSBAND",pos
Jericho is suspensful and griping drama keeps you coming back,pos
GREAT SHOW. I CAN REALLY RELATE TO THE MODERN SITAUTIONS OF THE CHARACTERS. I LOOK FORWARD TO THE NEXT EPISODE.,pos
"To put it short.  A good, entertaining show.",pos
I can see why NBC decided to keep this show despite its low ratings. I hope this show will find an audience because it is pretty hilarious and Carrell is great as the office boss.,pos
One of my 2 favorite shows. A great take on the superman story.,pos
"Jericho is the first TV program on the three main networks that I have watched in a very long time.  Truth is, before Jericho, I never turned CBS on anymore.  Jericho is relevant to our time, (sadly), thought provoking as well as entertaining.  Never before have I had a TV program to cause me to literally \'sit on the edge of my seat and hold my breath\'-repeatedly.  Fabulous cast, great acting, realistic and this show has unlimited potential.  Jericho fans have so many questions left unanswered-we need to know what happens to Jericho and six more episodes are not enough!!!  Come on CBS-what a platform you have-what dedicated viewers you have-I mean fan clubs-wow!!  Jericho fans are now \'attached\' to the characters and this program, CBS help us to stay attached to you-keep Jericho going!!!!!!",pos
this is the most underrated show on tv! it has good actors good storyline and a bit of a scare.,pos
Awesome!!  Love the show. Watch it if you haven\'t yet!,pos
Much better than the original.  The best sci-fi show on television.,pos
I loved this show and was one of a few that I was looking forward to returing for the next season. Was very upset that they pulled the plug...and without anything said!,pos
"A very funny show! There are moments that play exactly like my own work environment, and Steve C. as the psycho boss is terrrific. Believe me, people like Dwight do exist!",pos
"Love this show, but every episode seems to leave the viewer with more questions than answeres.",pos
His show is much better than Jon Stewart. Jon Stewart is too dry. Colbert is the man,pos
By far one of the best shows out there,pos
"My favorite show. Spader and Shatner are terrific together. My only hope is that the stories don\'t get too over the top. A couple times this season, things got a bit unbelievable, but the show is still the best.",pos
greatest show ever in tv histori!!!!! =SMALLVILLE,pos
I LOVE THIS SHOW..THIS ONE OF THE BEST SHOWS I HAVE EVER SEEN IN MY LIFE!!!I AM BORDER LINE OBSESSED WITH IT..HIGHLY RECOMMEND..AWESOMEEEEEEE,pos
"Good edge.  Characters are bad people, but you wanna root for them.  Very creative writing in plot lines & dialogue.",pos
"This show is possibly the greatest thing ever invented. Plus, Jack Bauer is possibly the sexiest man I have ever seen. Ever.",pos
very good science problem for students and adults learning about forensic science,pos
I really wish NBC would back this show more than they do. It is the best they have out there.,pos
This show is pretty good I only watch 3 times though.,pos
"This is best show ever on TV.  The character House, is acted so well by Hugh Laurie. You can get so involved with all the characters & understand them . That\'s what makes this show GREAT. House is actually not so mean when you understand him.",pos
"Quite the show! I only wish that I would have watched the first season rather then the start of the second season...oh well, it\'s still great!",pos
"This is one of the best TV shows ever on. Sure Star Trek was good but did it seem real outside the ship No way! This one was well done, high tech, the premise great, the humor on the mark, action, drama, morals, ethics, charm. the characters and actors were great, and I miss them. What Does Fox just play darts to decide what it shows Now, except for House Fox has nothing. Nada",pos
A great show! Very unpredictable. Keep the episodes coming!,pos
"Count Chocola-itis I love this show. Sure the humor is rather dry but remember Shakespheare One who laughs first is the smartest (I guess!). I love Dwight\'s character, the annoying dweeb that is in most offices. :-)",pos
I REALLy cant wait for this show to come back...is it going to soon,pos
"A great, great show, always exciting. And Kiefer Sutherland is the best actor on TV, hands down. No one can say, Or millions of people will die! the way he does.",pos
"Jericho is the best TV Show I\'ve ever seen!! I love it, and I hope that continuous after 2nd season!! Live Jericho!!      From Laura-Spain!!",pos
suspenseful with a very touching ending,pos
"Brilliant... superb plot , very interesting, almost as good as LOST",pos
BEST COMEDY IN YEARS. IT\'S MY FAVORITE NEW SHOW,pos
absolutely LOVE this show... but where is it,pos
"I\'m enjoying seeing what it might be like for a woman to be president and to deal with the resentment of men who wish they were in her shoes. It\'s tough to deal in DC.  Her family life seems pretty real too, with interruption from the kids at very inopportune moments.  I like the way Mac seems decisive and emphasis is not placed on her having mood swings and making decision emotionally.  She is intelligent and perhaps naive as far as how politics can work and that\'s probably how a woman would be in that position.  I do think it\'s a little neat the way situations seem to resolve in the weekly segment.",pos
"This is by far one of the best shows in ABC\'s lineup. Excellent scripting and acting. Absolute crime that ABC has decided to cancel it, and with a cliff hanger to boot. I feel that this show has an opportunity to become another X-Files caliber series if ABC had given it a chance to grow.",pos
awesome---cliffhanger after cliffhanger,pos
This show is fabulous.  Some steamy and sultry scenes.  Yet family scenes rolled into the episodes.  Appeals to wide range of ages.  I give it two thumbs up.  I hope they air this show another season!!,pos
Great casting with real life idiots at the top.  When will Jim and Jenna finally hook up,pos
"Jason Lee is great, and Willard from Mallrats is a better actor than I expected.",pos
I LLLLOOOOVVVVEEEE REBA!!!!!!!!!!!!!!!,pos
One of the best shows on television.  Each episode is action packed and suspensful; always leaving you anxiously waiting for the next one.  Keifer Sutherland and the supporting cast are excellent.,pos
"Commander In Chief is the best new drama this season in my book. With Geena Davis and Donald Sutherland, what\'s not to like about it. Plus,its timeing was perfect with the end of The West Wing. Unfortunately, I don\'t think it will be back next season because of its ratings being lower than when it premiered. When it went away for 2 months, ABC should have just cancelled it because there is no way it can bounce back. People won\'t start watching again because what\'s the point if it won\'t be back next seaons!! ABC really mad A Bad Call on this one!!",pos
This is an amazing show for intelligent viewers who love to be held in suspense while learning about anything from bugs to technology.,pos
There should be more shows like this.,pos
Best new show of last season.  It was a total suprise that more people didn\'t stumble upon this gem.  I think many people like myself are gunshy to invest our time into a deep plot when there is such a high chance of the series being cut and the plot having no finish.  It would amount to reading a book and never finishing it.,pos
"While Lost and Housewives get all the credit, this under the radar show is the best in television.",pos
"Finally, a show with substance! You have to watch it - it\'s awesome!!",pos
cant believe how much house can cover up his british accent... great actor,pos
awesome show.  can\'t miss an episode.,pos
Best script ever written . Absolutley astonashing . Brilliant casting . Non-stop comedy . It is a must see . Dont deprive yourself and us.,pos
I like this CSI show the best because it\'s much more fresh than the others.  It\'s fast paced and never boring.,pos
Incredibly funny show... even better if you see all the episodes consecutively.  This show is so good... people need to start watching it so it doesn\'t get cancelled.,pos
"A very underrated show.  James Spader and William Shatner do a fantasic job, there\'s a real chemistry between them, and they seem to delight in pushing one another.  Shatner is also wonderful in his role as a senior partner, once a brilliant lawyer and now gradually losing it - getting by on bluster and flashes of his old brilliance.",pos
Bout time someone made a somewhat new sci fi show,pos
while the Show has been in decline the last few years it\'s still better then most of the shows on TV...,pos
"This is my favorite show.  Too bad I have class on Thursday nights and have to miss it.  I think the original far surpasses Miami and NY.  The only think I have negative to comment about it is the guy who plays Nick Stokes, he is so dull!  I think the producers should stick him in the lab and make Greg more of a lead.  Maybe if the producers cast a different actor to play Stokes it would help.",pos
Great show!  Always keeps you looking forward to the next epsiode. Can hardly wait for the next season.,pos
"Amazing show, but where did the oil come from right",pos
This is my family\'s favorite comedy. We have our TiVo set so we won\'t miss it if we are out. It is the only TV show that we can all sit down and watch together and have a thousand laughs.,pos
"Top quality television. Great editing, acting, writing, and cinematography. The characters are well developed and plus the show is just FUN!!! We love you Jack!",pos
"im addicted and can not wait for this tuesday and thursday of next week.  this is one of the best shows, wait scratch that, THE BEST show on TV right now.",pos
"The best show I\'ve ever seen! Wonderful cast, wonderful story. Serie by serie its personages becoming your family.",pos
"I am not a blind sci-fi fan (there are plenty of sci-fi shows I don\'t like), but I really look forward to Battlestar Galactica.  Good writing, acting and no silly aliens and dumb science.",pos
"One of the best law shows on tv (when it was on).  I am a law student and greatly enjoyed it.  My husband and I are very disappointed that it is no longer on.  I second the opinion of taking off crappy shows like Nanny 911, etc.  Or sell it to someone else so we can watch it still.",pos
ohmygodohmygodohmygod! This is the best show since Northern Exposure.,pos
This and the office makes the best hour on tv.,pos
Desperate Housewives is the greatest show on TV. It\'s just brilliant in every way. Cant wait for Season 3!!!,pos
Great new show.  Love the fact that it is a man going through what is so often on TV now a female issue.  Also thought the subtle humor was great.,pos
"An excellent show, riveting, edge of your seat, great story and excellent acting. One or two episodes and you are hooked.",pos
LOVE IT!!!  Can\'t wait for Sunday nights,pos
"A really charming trendy show stacked with talent.  Great observational writing.  Real emotions and energy.  Great characters.  If you can, watch it uncut.  Some of the shows were butchered (necessarily) for syndication broadcast.  Really loved this show and I hope they do finally agree to make a movie of it someday so we can see what has happened to the women 5 years later.",pos
this show rox. i luv it. but earl is kinda funny looking. ~christina~,pos
Excellent show with great gags and comedy. It seems to be taking itself a little too seriously lately....let\'s hope they nip that in the bud or else Scrubs will lose it\'s edge.,pos
GRRRRRRRRREAT SHOW! ON EDGE AND GREAT CHARACTERS!,pos
"Like nothing television has ever seen before, Lost is amazing.",pos
"very funny,this is my favorite show this season",pos
"slow beginning, but not later on. Warrants another viewing.  good and spooky",pos
"Love this show. It\'s funny, dramatic, interesting and I look forward to it every time.",pos
Not quite my age group anymore but still can relate...,pos
"Awsome show, if this guy was an actual doctor, I\'d go to him, finally a truthful guy, him and Becker, they both kick ass!",pos
The best show on Comedy Central. Better know a district!,pos
Best show on T.V.  No other show has ever had the energy that 24 has.  How can they keep it up.,pos
Even us Europeans are starting to appriciate US politics;),pos
"Great drama, very entertaining, makes you think your part of the show.   LOVE IT!!!",pos
"Fox, have finally done a positive thing!",pos
It\'s the best comedy show on tv bar none!,pos
You never get tired of the show. I just wished that season 9 would have been better if it were not for the final episode wheer Seinfeld and his gang went to prison..,pos
one of the best shows this season how ever i never know when its on fox changed the times,pos
Solid show.  Great interaction between characters.  Characters also are very likeable & translate well to the home viewer to create an attachment.,pos
"The amount of wit, intelligence, and hard work that Colbert and his crew put into his show is very evident. This is a high quality show and Comedy Central should thank their lucky stars that Jon Stewart and Colbert are elevating the station past the very funny but comparatively silliness of it\'s next most popular show; Southpark.",pos
"Grey\'s Anatomy is THE best show ever, it has everything you wnat in a tv show, drama, comedy, romance, emotions, riveting storylines, amazing cliffhangers, intimate characters! What an awesome show, and it has another 4 Golden Globe nominations to prove it!",pos
The show Reba is great and my favorite but Reba is my second favorite star on the show next to Joanna Garcia. The whole cast does a great job and I hope the show continues for many years and the cast remains the same,pos
"One of the best shows I have ever seen. Joss Whedon is a master at making great television. Only his former works, Buffy and Angel, are better IMO. Go see Serenity now!!!",pos
"Love the show, I laugh from start to finish.",pos
"This show did take a while to get going but eventually it was on of my favs and i was shocked when it didn`t get a second series. If someone hasn`t already, there should be a petition to get it back in production. It worked for jericho.",pos
It\'s reminiscent of Family Guy with the flashbacks and parts when they pause and one character comments on the situation...,pos
Love this show!  One of the best shows on t.v. right now.  Hopefully the word will get out and they will keep it on for many seasons.,pos
To bad they moved it around. Great show and my wife and I miss it very much.,pos
"ADORE HUGH LAURIE!! I look forward to every new episode just to see what Hugh will do next. Did I say that I ADORE HUGH LAURIE Good luck at the Emmys Hugh. I will have my fingers crossed for you and if you win, you will hear me clapping and yelling!!!",pos
"Do yourself a favor: go out and rent (or buy!) the first season of Arrested Development on DVD.  You may have seen an episode or two in passing--do yourself a favor and watch it from the beginning.  It\'s without a doubt the funniest American TV show since Seinfeld (and it may even be funnier).  There is no laugh track or catering to the audience: the show is genius.  I would list the show\'s cast and pick my favorite characters, but I can\'t.  This show\'s cast is TV\'s version of Murderers\' Row: they are the 1927 Yankees.  Just when you think you\'ve found your favorite character, you\'ll change your mind.  The third season debuts on Fox on September 19th at 8/7c.  Do yourself a favor and watch!  Not enough people watch this glorious show, which is a crime and a shame.  It\'s the reigning Emmy winner for Best Comedy Series.  Those Emmy people know what they\'re talking about!",pos
I like this show.  The characters are fun and unique.  They dont have the typical skinny blond detective showing her ****. I hope they dont replace kate with one.  She is going to be though to replace.,pos
